{"acc": 0.7783544587039619, "loss": 0.21225024160427014, "_timestamp": 1677484200.387145, "_runtime": 3.8465869426727295, "_step": 7, "_wandb": {"runtime": 2}}